area;conversion_tech;year_inv;power_capacity_investment_max;power_capacity_investment_min
AL;ccgt;2030;300.0;300.0
AL;coal_pp;2030;0.0;0.0
AL;dsr_1;2030;0.0;0.0
AL;dsr_10;2030;0.0;0.0
AL;dsr_2;2030;0.0;0.0
AL;dsr_3;2030;0.0;0.0
AL;dsr_4;2030;0.0;0.0
AL;dsr_5;2030;0.0;0.0
AL;dsr_6;2030;0.0;0.0
AL;dsr_7;2030;0.0;0.0
AL;dsr_8;2030;0.0;0.0
AL;dsr_9;2030;0.0;0.0
AL;electrolysis_2030;2030;0.0;0.0
AL;hydro_pondage;2030;0.0;0.0
AL;hydro_pondage_h2o_inflow;2030;0.0;0.0
AL;hydro_reservoir;2030;2031.7;2031.7
AL;hydro_reservoir_h2o_inflow;2030;2031.7;2031.7
AL;hydro_river;2030;534.8;534.8
AL;lignite_pp;2030;0.0;0.0
AL;nuclear_lte;2030;0.0;0.0
AL;nuclear_new;2030;0.0;0.0
AL;ocgt;2030;;0.0
AL;oil_pp;2030;0.0;0.0
AL;other_res;2030;0.0;0.0
AL;solar_pv;2030;1000.0;1000.0
AL;wind_offshore;2030;0.0;0.0
AL;wind_onshore;2030;0.0;0.0
AT;ccgt;2030;2698.1;2698.1
AT;coal_pp;2030;0.0;0.0
AT;dsr_1;2030;710.0;710.0
AT;dsr_10;2030;0.0;0.0
AT;dsr_2;2030;0.0;0.0
AT;dsr_3;2030;0.0;0.0
AT;dsr_4;2030;0.0;0.0
AT;dsr_5;2030;0.0;0.0
AT;dsr_6;2030;0.0;0.0
AT;dsr_7;2030;0.0;0.0
AT;dsr_8;2030;0.0;0.0
AT;dsr_9;2030;0.0;0.0
AT;electrolysis_2030;2030;1000.0;0.0
AT;hydro_pondage;2030;1150.0;1150.0
AT;hydro_pondage_h2o_inflow;2030;1150.0;1150.0
AT;hydro_reservoir;2030;2559.0;2559.0
AT;hydro_reservoir_h2o_inflow;2030;2559.0;2559.0
AT;hydro_river;2030;5217.8;5217.8
AT;lignite_pp;2030;0.0;0.0
AT;nuclear_lte;2030;0.0;0.0
AT;nuclear_new;2030;0.0;0.0
AT;ocgt;2030;;568.3
AT;oil_pp;2030;122.0;122.0
AT;other_res;2030;767.7;767.7
AT;solar_pv;2030;20000.0;20000.0
AT;wind_offshore;2030;0.0;0.0
AT;wind_onshore;2030;8000.0;8000.0
BA;ccgt;2030;0.0;0.0
BA;coal_pp;2030;0.0;0.0
BA;dsr_1;2030;0.0;0.0
BA;dsr_10;2030;0.0;0.0
BA;dsr_2;2030;0.0;0.0
BA;dsr_3;2030;0.0;0.0
BA;dsr_4;2030;0.0;0.0
BA;dsr_5;2030;0.0;0.0
BA;dsr_6;2030;0.0;0.0
BA;dsr_7;2030;0.0;0.0
BA;dsr_8;2030;0.0;0.0
BA;dsr_9;2030;0.0;0.0
BA;electrolysis_2030;2030;0.0;0.0
BA;hydro_pondage;2030;35.2;35.2
BA;hydro_pondage_h2o_inflow;2030;35.2;35.2
BA;hydro_reservoir;2030;159.9;159.9
BA;hydro_reservoir_h2o_inflow;2030;159.9;159.9
BA;hydro_river;2030;32.1;32.1
BA;lignite_pp;2030;1518.0;1518.0
BA;nuclear_lte;2030;0.0;0.0
BA;nuclear_new;2030;0.0;0.0
BA;ocgt;2030;;0.0
BA;oil_pp;2030;0.0;0.0
BA;other_res;2030;0.0;0.0
BA;solar_pv;2030;1000.0;1000.0
BA;wind_offshore;2030;0.0;0.0
BA;wind_onshore;2030;1000.0;1000.0
BE;ccgt;2030;6192.4;6192.4
BE;coal_pp;2030;354.4;354.4
BE;dsr_1;2030;620.4;620.4
BE;dsr_10;2030;0.0;0.0
BE;dsr_2;2030;324.0;324.0
BE;dsr_3;2030;193.0;193.0
BE;dsr_4;2030;610.0;610.0
BE;dsr_5;2030;309.0;309.0
BE;dsr_6;2030;634.0;634.0
BE;dsr_7;2030;454.0;454.0
BE;dsr_8;2030;0.0;0.0
BE;dsr_9;2030;0.0;0.0
BE;electrolysis_2030;2030;118.0;0.0
BE;hydro_pondage;2030;0.0;0.0
BE;hydro_pondage_h2o_inflow;2030;0.0;0.0
BE;hydro_reservoir;2030;0.0;0.0
BE;hydro_reservoir_h2o_inflow;2030;0.0;0.0
BE;hydro_river;2030;148.2;148.2
BE;lignite_pp;2030;0.0;0.0
BE;nuclear_lte;2030;2056.0;2056.0
BE;nuclear_new;2030;0.0;0.0
BE;ocgt;2030;;2621.0
BE;oil_pp;2030;140.0;140.0
BE;other_res;2030;596.6;596.6
BE;solar_pv;2030;15000.0;15000.0
BE;wind_offshore;2030;2000.0;2000.0
BE;wind_onshore;2030;5000.0;5000.0
BG;ccgt;2030;441.0;441.0
BG;coal_pp;2030;168.0;168.0
BG;dsr_1;2030;0.0;0.0
BG;dsr_10;2030;0.0;0.0
BG;dsr_2;2030;0.0;0.0
BG;dsr_3;2030;0.0;0.0
BG;dsr_4;2030;0.0;0.0
BG;dsr_5;2030;0.0;0.0
BG;dsr_6;2030;0.0;0.0
BG;dsr_7;2030;0.0;0.0
BG;dsr_8;2030;0.0;0.0
BG;dsr_9;2030;0.0;0.0
BG;electrolysis_2030;2030;52.0;0.0
BG;hydro_pondage;2030;0.0;0.0
BG;hydro_pondage_h2o_inflow;2030;0.0;0.0
BG;hydro_reservoir;2030;1281.3;1281.3
BG;hydro_reservoir_h2o_inflow;2030;1281.3;1281.3
BG;hydro_river;2030;535.5;535.5
BG;lignite_pp;2030;1575.0;1575.0
BG;nuclear_lte;2030;2000.0;2000.0
BG;nuclear_new;2030;0.0;0.0
BG;ocgt;2030;;1435.0
BG;oil_pp;2030;0.0;0.0
BG;other_res;2030;123.0;123.0
BG;solar_pv;2030;6000.0;6000.0
BG;wind_offshore;2030;0.0;0.0
BG;wind_onshore;2030;1000.0;1000.0
CH;ccgt;2030;122.4;122.4
CH;coal_pp;2030;0.0;0.0
CH;dsr_1;2030;0.0;0.0
CH;dsr_10;2030;0.0;0.0
CH;dsr_2;2030;0.0;0.0
CH;dsr_3;2030;0.0;0.0
CH;dsr_4;2030;0.0;0.0
CH;dsr_5;2030;0.0;0.0
CH;dsr_6;2030;0.0;0.0
CH;dsr_7;2030;0.0;0.0
CH;dsr_8;2030;0.0;0.0
CH;dsr_9;2030;0.0;0.0
CH;electrolysis_2030;2030;262.6;0.0
CH;hydro_pondage;2030;0.0;0.0
CH;hydro_pondage_h2o_inflow;2030;0.0;0.0
CH;hydro_reservoir;2030;8530.0;8530.0
CH;hydro_reservoir_h2o_inflow;2030;8530.0;8530.0
CH;hydro_river;2030;4215.0;4215.0
CH;lignite_pp;2030;0.0;0.0
CH;nuclear_lte;2030;2960.0;2960.0
CH;nuclear_new;2030;0.0;0.0
CH;ocgt;2030;;566.6
CH;oil_pp;2030;0.0;0.0
CH;other_res;2030;303.5;303.5
CH;solar_pv;2030;17000.0;17000.0
CH;wind_offshore;2030;0.0;0.0
CH;wind_onshore;2030;0.0;0.0
CY;ccgt;2030;696.6;696.6
CY;coal_pp;2030;0.0;0.0
CY;dsr_1;2030;0.0;0.0
CY;dsr_10;2030;0.0;0.0
CY;dsr_2;2030;0.0;0.0
CY;dsr_3;2030;0.0;0.0
CY;dsr_4;2030;0.0;0.0
CY;dsr_5;2030;0.0;0.0
CY;dsr_6;2030;0.0;0.0
CY;dsr_7;2030;0.0;0.0
CY;dsr_8;2030;0.0;0.0
CY;dsr_9;2030;0.0;0.0
CY;electrolysis_2030;2030;38.1;0.0
CY;hydro_pondage;2030;0.0;0.0
CY;hydro_pondage_h2o_inflow;2030;0.0;0.0
CY;hydro_reservoir;2030;0.0;0.0
CY;hydro_reservoir_h2o_inflow;2030;0.0;0.0
CY;hydro_river;2030;0.0;0.0
CY;lignite_pp;2030;0.0;0.0
CY;nuclear_lte;2030;0.0;0.0
CY;nuclear_new;2030;0.0;0.0
CY;ocgt;2030;;436.0
CY;oil_pp;2030;247.8;247.8
CY;other_res;2030;27.0;27.0
CY;solar_pv;2030;1000.0;1000.0
CY;wind_offshore;2030;0.0;0.0
CY;wind_onshore;2030;0.0;0.0
CZ;ccgt;2030;2914.8;2914.8
CZ;coal_pp;2030;0.0;0.0
CZ;dsr_1;2030;150.0;150.0
CZ;dsr_10;2030;0.0;0.0
CZ;dsr_2;2030;0.0;0.0
CZ;dsr_3;2030;0.0;0.0
CZ;dsr_4;2030;0.0;0.0
CZ;dsr_5;2030;0.0;0.0
CZ;dsr_6;2030;0.0;0.0
CZ;dsr_7;2030;0.0;0.0
CZ;dsr_8;2030;0.0;0.0
CZ;dsr_9;2030;0.0;0.0
CZ;electrolysis_2030;2030;128.5;0.0
CZ;hydro_pondage;2030;0.0;0.0
CZ;hydro_pondage_h2o_inflow;2030;0.0;0.0
CZ;hydro_reservoir;2030;428.9;428.9
CZ;hydro_reservoir_h2o_inflow;2030;428.9;428.9
CZ;hydro_river;2030;415.0;415.0
CZ;lignite_pp;2030;932.4;932.4
CZ;nuclear_lte;2030;4099.4;4099.4
CZ;nuclear_new;2030;0.0;0.0
CZ;ocgt;2030;;1238.1
CZ;oil_pp;2030;0.0;0.0
CZ;other_res;2030;1297.8;1297.8
CZ;solar_pv;2030;9000.0;9000.0
CZ;wind_offshore;2030;0.0;0.0
CZ;wind_onshore;2030;1000.0;1000.0
DE;ccgt;2030;27570.7;27570.7
DE;coal_pp;2030;6284.0;6284.0
DE;dsr_1;2030;2127.2;2127.2
DE;dsr_10;2030;49.4;49.4
DE;dsr_2;2030;1307.2;1307.2
DE;dsr_3;2030;304.2;304.2
DE;dsr_4;2030;259.1;259.1
DE;dsr_5;2030;19.0;19.0
DE;dsr_6;2030;471.7;471.7
DE;dsr_7;2030;200.1;200.1
DE;dsr_8;2030;152.4;152.4
DE;dsr_9;2030;103.6;103.6
DE;electrolysis_2030;2030;10000.0;0.0
DE;hydro_pondage;2030;0.0;0.0
DE;hydro_pondage_h2o_inflow;2030;0.0;0.0
DE;hydro_reservoir;2030;1007.9;1007.9
DE;hydro_reservoir_h2o_inflow;2030;1007.9;1007.9
DE;hydro_river;2030;3933.9;3933.9
DE;lignite_pp;2030;6041.4;6041.4
DE;nuclear_lte;2030;0.0;0.0
DE;nuclear_new;2030;0.0;0.0
DE;ocgt;2030;;18040.5
DE;oil_pp;2030;1168.4;1168.4
DE;other_res;2030;12838.3;12838.3
DE;solar_pv;2030;215000.0;215000.0
DE;wind_offshore;2030;24000.0;24000.0
DE;wind_onshore;2030;94000.0;94000.0
DK;ccgt;2030;327.9;327.9
DK;coal_pp;2030;2014.5;2014.5
DK;dsr_1;2030;0.0;0.0
DK;dsr_10;2030;0.0;0.0
DK;dsr_2;2030;0.0;0.0
DK;dsr_3;2030;0.0;0.0
DK;dsr_4;2030;0.0;0.0
DK;dsr_5;2030;0.0;0.0
DK;dsr_6;2030;0.0;0.0
DK;dsr_7;2030;0.0;0.0
DK;dsr_8;2030;0.0;0.0
DK;dsr_9;2030;0.0;0.0
DK;electrolysis_2030;2030;2772.0;0.0
DK;hydro_pondage;2030;0.0;0.0
DK;hydro_pondage_h2o_inflow;2030;0.0;0.0
DK;hydro_reservoir;2030;0.0;0.0
DK;hydro_reservoir_h2o_inflow;2030;0.0;0.0
DK;hydro_river;2030;0.0;0.0
DK;lignite_pp;2030;0.0;0.0
DK;nuclear_lte;2030;0.0;0.0
DK;nuclear_new;2030;0.0;0.0
DK;ocgt;2030;;1210.1
DK;oil_pp;2030;700.8;700.8
DK;other_res;2030;0.0;0.0
DK;solar_pv;2030;20000.0;20000.0
DK;wind_offshore;2030;2000.0;2000.0
DK;wind_onshore;2030;5000.0;5000.0
EE;ccgt;2030;0.0;0.0
EE;coal_pp;2030;0.0;0.0
EE;dsr_1;2030;198.0;198.0
EE;dsr_10;2030;0.0;0.0
EE;dsr_2;2030;0.0;0.0
EE;dsr_3;2030;0.0;0.0
EE;dsr_4;2030;0.0;0.0
EE;dsr_5;2030;0.0;0.0
EE;dsr_6;2030;0.0;0.0
EE;dsr_7;2030;0.0;0.0
EE;dsr_8;2030;0.0;0.0
EE;dsr_9;2030;0.0;0.0
EE;electrolysis_2030;2030;0.0;0.0
EE;hydro_pondage;2030;0.0;0.0
EE;hydro_pondage_h2o_inflow;2030;0.0;0.0
EE;hydro_reservoir;2030;0.0;0.0
EE;hydro_reservoir_h2o_inflow;2030;0.0;0.0
EE;hydro_river;2030;0.0;0.0
EE;lignite_pp;2030;0.0;0.0
EE;nuclear_lte;2030;0.0;0.0
EE;nuclear_new;2030;0.0;0.0
EE;ocgt;2030;;385.0
EE;oil_pp;2030;272.0;272.0
EE;other_res;2030;169.0;169.0
EE;solar_pv;2030;1000.0;1000.0
EE;wind_offshore;2030;0.0;0.0
EE;wind_onshore;2030;2000.0;2000.0
ES;ccgt;2030;24559.6;24559.6
ES;coal_pp;2030;0.0;0.0
ES;dsr_1;2030;609.4;609.4
ES;dsr_10;2030;0.0;0.0
ES;dsr_2;2030;0.0;0.0
ES;dsr_3;2030;0.0;0.0
ES;dsr_4;2030;0.0;0.0
ES;dsr_5;2030;0.0;0.0
ES;dsr_6;2030;0.0;0.0
ES;dsr_7;2030;0.0;0.0
ES;dsr_8;2030;0.0;0.0
ES;dsr_9;2030;0.0;0.0
ES;electrolysis_2030;2030;11959.5;0.0
ES;hydro_pondage;2030;0.0;0.0
ES;hydro_pondage_h2o_inflow;2030;0.0;0.0
ES;hydro_reservoir;2030;11536.3;11536.3
ES;hydro_reservoir_h2o_inflow;2030;11536.3;11536.3
ES;hydro_river;2030;3117.9;3117.9
ES;lignite_pp;2030;0.0;0.0
ES;nuclear_lte;2030;5100.1;5100.1
ES;nuclear_new;2030;0.0;0.0
ES;ocgt;2030;;0.0
ES;oil_pp;2030;0.0;0.0
ES;other_res;2030;1962.7;1962.7
ES;solar_pv;2030;72000.0;72000.0
ES;wind_offshore;2030;2000.0;2000.0
ES;wind_onshore;2030;57000.0;57000.0
FI;ccgt;2030;874.0;874.0
FI;coal_pp;2030;1916.0;1916.0
FI;dsr_1;2030;369.9;369.9
FI;dsr_10;2030;0.0;0.0
FI;dsr_2;2030;61.6;61.6
FI;dsr_3;2030;246.6;246.6
FI;dsr_4;2030;308.2;308.2
FI;dsr_5;2030;308.2;308.2
FI;dsr_6;2030;184.9;184.9
FI;dsr_7;2030;184.9;184.9
FI;dsr_8;2030;0.0;0.0
FI;dsr_9;2030;0.0;0.0
FI;electrolysis_2030;2030;1400.0;0.0
FI;hydro_pondage;2030;0.0;0.0
FI;hydro_pondage_h2o_inflow;2030;0.0;0.0
FI;hydro_reservoir;2030;3237.4;3237.4
FI;hydro_reservoir_h2o_inflow;2030;3237.4;3237.4
FI;hydro_river;2030;0.0;0.0
FI;lignite_pp;2030;0.0;0.0
FI;nuclear_lte;2030;2972.0;2972.0
FI;nuclear_new;2030;1600.0;1600.0
FI;ocgt;2030;;274.0
FI;oil_pp;2030;0.0;0.0
FI;other_res;2030;1835.5;1835.5
FI;solar_pv;2030;9000.0;9000.0
FI;wind_offshore;2030;0.0;0.0
FI;wind_onshore;2030;19000.0;19000.0
FR;ccgt;2030;6553.0;6553.0
FR;coal_pp;2030;0.0;0.0
FR;dsr_1;2030;5710.0;5710.0
FR;dsr_10;2030;0.0;0.0
FR;dsr_2;2030;0.0;0.0
FR;dsr_3;2030;0.0;0.0
FR;dsr_4;2030;0.0;0.0
FR;dsr_5;2030;0.0;0.0
FR;dsr_6;2030;0.0;0.0
FR;dsr_7;2030;0.0;0.0
FR;dsr_8;2030;0.0;0.0
FR;dsr_9;2030;0.0;0.0
FR;electrolysis_2030;2030;4500.0;0.0
FR;hydro_pondage;2030;0.0;0.0
FR;hydro_pondage_h2o_inflow;2030;0.0;0.0
FR;hydro_reservoir;2030;9849.0;9849.0
FR;hydro_reservoir_h2o_inflow;2030;9849.0;9849.0
FR;hydro_river;2030;13600.0;13600.0
FR;lignite_pp;2030;0.0;0.0
FR;nuclear_lte;2030;61420.0;61420.0
FR;nuclear_new;2030;1600.0;1600.0
FR;ocgt;2030;5466.0;5466.0
FR;oil_pp;2030;1331.0;1331.0
FR;other_res;2030;1823.0;1823.0
FR;solar_pv;2030;41000.0;41000.0
FR;wind_offshore;2030;3000.0;3000.0
FR;wind_onshore;2030;30000.0;30000.0
GR;ccgt;2030;7571.0;7571.0
GR;coal_pp;2030;0.0;0.0
GR;dsr_1;2030;285.0;285.0
GR;dsr_10;2030;0.0;0.0
GR;dsr_2;2030;0.0;0.0
GR;dsr_3;2030;0.0;0.0
GR;dsr_4;2030;0.0;0.0
GR;dsr_5;2030;0.0;0.0
GR;dsr_6;2030;0.0;0.0
GR;dsr_7;2030;0.0;0.0
GR;dsr_8;2030;0.0;0.0
GR;dsr_9;2030;0.0;0.0
GR;electrolysis_2030;2030;231.2;0.0
GR;hydro_pondage;2030;22.1;22.1
GR;hydro_pondage_h2o_inflow;2030;22.1;22.1
GR;hydro_reservoir;2030;2756.7;2756.7
GR;hydro_reservoir_h2o_inflow;2030;2756.7;2756.7
GR;hydro_river;2030;325.5;325.5
GR;lignite_pp;2030;0.0;0.0
GR;nuclear_lte;2030;0.0;0.0
GR;nuclear_new;2030;0.0;0.0
GR;ocgt;2030;203.0;203.0
GR;oil_pp;2030;143.5;143.5
GR;other_res;2030;78.8;78.8
GR;solar_pv;2030;13000.0;13000.0
GR;wind_offshore;2030;1000.0;1000.0
GR;wind_onshore;2030;8000.0;8000.0
HR;ccgt;2030;747.0;747.0
HR;coal_pp;2030;290.0;290.0
HR;dsr_1;2030;87.0;87.0
HR;dsr_10;2030;0.0;0.0
HR;dsr_2;2030;0.0;0.0
HR;dsr_3;2030;0.0;0.0
HR;dsr_4;2030;0.0;0.0
HR;dsr_5;2030;0.0;0.0
HR;dsr_6;2030;0.0;0.0
HR;dsr_7;2030;0.0;0.0
HR;dsr_8;2030;0.0;0.0
HR;dsr_9;2030;0.0;0.0
HR;electrolysis_2030;2030;671.5;0.0
HR;hydro_pondage;2030;313.3;313.3
HR;hydro_pondage_h2o_inflow;2030;313.3;313.3
HR;hydro_reservoir;2030;1423.3;1423.3
HR;hydro_reservoir_h2o_inflow;2030;1423.3;1423.3
HR;hydro_river;2030;64.9;64.9
HR;lignite_pp;2030;0.0;0.0
HR;nuclear_lte;2030;0.0;0.0
HR;nuclear_new;2030;0.0;0.0
HR;ocgt;2030;;927.0
HR;oil_pp;2030;303.0;303.0
HR;other_res;2030;210.3;210.3
HR;solar_pv;2030;0.0;0.0
HR;wind_offshore;2030;0.0;0.0
HR;wind_onshore;2030;2000.0;2000.0
HU;ccgt;2030;3279.4;3279.4
HU;coal_pp;2030;157.8;157.8
HU;dsr_1;2030;0.0;0.0
HU;dsr_10;2030;0.0;0.0
HU;dsr_2;2030;0.0;0.0
HU;dsr_3;2030;0.0;0.0
HU;dsr_4;2030;0.0;0.0
HU;dsr_5;2030;0.0;0.0
HU;dsr_6;2030;0.0;0.0
HU;dsr_7;2030;0.0;0.0
HU;dsr_8;2030;0.0;0.0
HU;dsr_9;2030;0.0;0.0
HU;electrolysis_2030;2030;240.0;0.0
HU;hydro_pondage;2030;0.0;0.0
HU;hydro_pondage_h2o_inflow;2030;0.0;0.0
HU;hydro_reservoir;2030;0.0;0.0
HU;hydro_reservoir_h2o_inflow;2030;0.0;0.0
HU;hydro_river;2030;63.0;63.0
HU;lignite_pp;2030;0.0;0.0
HU;nuclear_lte;2030;737.0;737.0
HU;nuclear_new;2030;1180.0;1180.0
HU;ocgt;2030;;1341.3
HU;oil_pp;2030;10.0;10.0
HU;other_res;2030;246.7;246.7
HU;solar_pv;2030;13000.0;13000.0
HU;wind_offshore;2030;0.0;0.0
HU;wind_onshore;2030;1000.0;1000.0
IE;ccgt;2030;4799.9;4799.9
IE;coal_pp;2030;0.0;0.0
IE;dsr_1;2030;142.0;142.0
IE;dsr_10;2030;0.0;0.0
IE;dsr_2;2030;0.0;0.0
IE;dsr_3;2030;0.0;0.0
IE;dsr_4;2030;0.0;0.0
IE;dsr_5;2030;0.0;0.0
IE;dsr_6;2030;0.0;0.0
IE;dsr_7;2030;0.0;0.0
IE;dsr_8;2030;0.0;0.0
IE;dsr_9;2030;0.0;0.0
IE;electrolysis_2030;2030;0.0;0.0
IE;hydro_pondage;2030;0.0;0.0
IE;hydro_pondage_h2o_inflow;2030;0.0;0.0
IE;hydro_reservoir;2030;0.0;0.0
IE;hydro_reservoir_h2o_inflow;2030;0.0;0.0
IE;hydro_river;2030;215.0;215.0
IE;lignite_pp;2030;0.0;0.0
IE;nuclear_lte;2030;0.0;0.0
IE;nuclear_new;2030;0.0;0.0
IE;ocgt;2030;;1106.0
IE;oil_pp;2030;208.0;208.0
IE;other_res;2030;0.0;0.0
IE;solar_pv;2030;8000.0;8000.0
IE;wind_offshore;2030;6000.0;6000.0
IE;wind_onshore;2030;9000.0;9000.0
IT;ccgt;2030;0.0;0.0
IT;coal_pp;2030;0.0;0.0
IT;dsr_1;2030;0.0;0.0
IT;dsr_10;2030;0.0;0.0
IT;dsr_2;2030;0.0;0.0
IT;dsr_3;2030;0.0;0.0
IT;dsr_4;2030;0.0;0.0
IT;dsr_5;2030;0.0;0.0
IT;dsr_6;2030;0.0;0.0
IT;dsr_7;2030;0.0;0.0
IT;dsr_8;2030;0.0;0.0
IT;dsr_9;2030;0.0;0.0
IT;electrolysis_2030;2030;0.0;0.0
IT;hydro_pondage;2030;0.0;0.0
IT;hydro_pondage_h2o_inflow;2030;0.0;0.0
IT;hydro_reservoir;2030;0.0;0.0
IT;hydro_reservoir_h2o_inflow;2030;0.0;0.0
IT;hydro_river;2030;0.0;0.0
IT;lignite_pp;2030;0.0;0.0
IT;nuclear_lte;2030;0.0;0.0
IT;nuclear_new;2030;0.0;0.0
IT;ocgt;2030;;0.0
IT;oil_pp;2030;0.0;0.0
IT;other_res;2030;0.0;0.0
IT;solar_pv;2030;0.0;0.0
IT;wind_offshore;2030;0.0;0.0
IT;wind_onshore;2030;0.0;0.0
LT;ccgt;2030;403.0;403.0
LT;coal_pp;2030;0.0;0.0
LT;dsr_1;2030;40.0;40.0
LT;dsr_10;2030;0.0;0.0
LT;dsr_2;2030;0.0;0.0
LT;dsr_3;2030;0.0;0.0
LT;dsr_4;2030;0.0;0.0
LT;dsr_5;2030;0.0;0.0
LT;dsr_6;2030;0.0;0.0
LT;dsr_7;2030;0.0;0.0
LT;dsr_8;2030;0.0;0.0
LT;dsr_9;2030;0.0;0.0
LT;electrolysis_2030;2030;1300.0;0.0
LT;hydro_pondage;2030;0.0;0.0
LT;hydro_pondage_h2o_inflow;2030;0.0;0.0
LT;hydro_reservoir;2030;0.0;0.0
LT;hydro_reservoir_h2o_inflow;2030;0.0;0.0
LT;hydro_river;2030;127.4;127.4
LT;lignite_pp;2030;0.0;0.0
LT;nuclear_lte;2030;0.0;0.0
LT;nuclear_new;2030;0.0;0.0
LT;ocgt;2030;;221.0
LT;oil_pp;2030;0.0;0.0
LT;other_res;2030;210.0;210.0
LT;solar_pv;2030;4000.0;4000.0
LT;wind_offshore;2030;0.0;0.0
LT;wind_onshore;2030;4000.0;4000.0
LU;ccgt;2030;0.0;0.0
LU;coal_pp;2030;0.0;0.0
LU;dsr_1;2030;45.0;45.0
LU;dsr_10;2030;0.0;0.0
LU;dsr_2;2030;0.0;0.0
LU;dsr_3;2030;0.0;0.0
LU;dsr_4;2030;0.0;0.0
LU;dsr_5;2030;0.0;0.0
LU;dsr_6;2030;0.0;0.0
LU;dsr_7;2030;0.0;0.0
LU;dsr_8;2030;0.0;0.0
LU;dsr_9;2030;0.0;0.0
LU;electrolysis_2030;2030;20.0;0.0
LU;hydro_pondage;2030;0.0;0.0
LU;hydro_pondage_h2o_inflow;2030;0.0;0.0
LU;hydro_reservoir;2030;0.0;0.0
LU;hydro_reservoir_h2o_inflow;2030;0.0;0.0
LU;hydro_river;2030;27.0;27.0
LU;lignite_pp;2030;0.0;0.0
LU;nuclear_lte;2030;0.0;0.0
LU;nuclear_new;2030;0.0;0.0
LU;ocgt;2030;;6.5
LU;oil_pp;2030;0.0;0.0
LU;other_res;2030;105.5;105.5
LU;solar_pv;2030;0.0;0.0
LU;wind_offshore;2030;0.0;0.0
LU;wind_onshore;2030;0.0;0.0
LV;ccgt;2030;1051.0;1051.0
LV;coal_pp;2030;0.0;0.0
LV;dsr_1;2030;10.0;10.0
LV;dsr_10;2030;0.0;0.0
LV;dsr_2;2030;20.0;20.0
LV;dsr_3;2030;40.0;40.0
LV;dsr_4;2030;80.0;80.0
LV;dsr_5;2030;0.0;0.0
LV;dsr_6;2030;0.0;0.0
LV;dsr_7;2030;0.0;0.0
LV;dsr_8;2030;0.0;0.0
LV;dsr_9;2030;0.0;0.0
LV;electrolysis_2030;2030;1000.0;0.0
LV;hydro_pondage;2030;1592.0;1592.0
LV;hydro_pondage_h2o_inflow;2030;1592.0;1592.0
LV;hydro_reservoir;2030;0.0;0.0
LV;hydro_reservoir_h2o_inflow;2030;0.0;0.0
LV;hydro_river;2030;0.0;0.0
LV;lignite_pp;2030;0.0;0.0
LV;nuclear_lte;2030;0.0;0.0
LV;nuclear_new;2030;0.0;0.0
LV;ocgt;2030;;0.0
LV;oil_pp;2030;0.0;0.0
LV;other_res;2030;166.0;166.0
LV;solar_pv;2030;1000.0;1000.0
LV;wind_offshore;2030;0.0;0.0
LV;wind_onshore;2030;0.0;0.0
MD;ccgt;2030;0.0;0.0
MD;coal_pp;2030;550.0;550.0
MD;dsr_1;2030;0.0;0.0
MD;dsr_10;2030;0.0;0.0
MD;dsr_2;2030;0.0;0.0
MD;dsr_3;2030;0.0;0.0
MD;dsr_4;2030;0.0;0.0
MD;dsr_5;2030;0.0;0.0
MD;dsr_6;2030;0.0;0.0
MD;dsr_7;2030;0.0;0.0
MD;dsr_8;2030;0.0;0.0
MD;dsr_9;2030;0.0;0.0
MD;electrolysis_2030;2030;0.0;0.0
MD;hydro_pondage;2030;0.0;0.0
MD;hydro_pondage_h2o_inflow;2030;0.0;0.0
MD;hydro_reservoir;2030;0.0;0.0
MD;hydro_reservoir_h2o_inflow;2030;0.0;0.0
MD;hydro_river;2030;16.5;16.5
MD;lignite_pp;2030;0.0;0.0
MD;nuclear_lte;2030;0.0;0.0
MD;nuclear_new;2030;0.0;0.0
MD;ocgt;2030;;780.0
MD;oil_pp;2030;0.0;0.0
MD;other_res;2030;3.4;3.4
MD;solar_pv;2030;0.0;0.0
MD;wind_offshore;2030;0.0;0.0
MD;wind_onshore;2030;0.0;0.0
ME;ccgt;2030;0.0;0.0
ME;coal_pp;2030;0.0;0.0
ME;dsr_1;2030;0.0;0.0
ME;dsr_10;2030;0.0;0.0
ME;dsr_2;2030;0.0;0.0
ME;dsr_3;2030;0.0;0.0
ME;dsr_4;2030;0.0;0.0
ME;dsr_5;2030;0.0;0.0
ME;dsr_6;2030;0.0;0.0
ME;dsr_7;2030;0.0;0.0
ME;dsr_8;2030;0.0;0.0
ME;dsr_9;2030;0.0;0.0
ME;electrolysis_2030;2030;0.0;0.0
ME;hydro_pondage;2030;0.0;0.0
ME;hydro_pondage_h2o_inflow;2030;0.0;0.0
ME;hydro_reservoir;2030;706.0;706.0
ME;hydro_reservoir_h2o_inflow;2030;706.0;706.0
ME;hydro_river;2030;581.0;581.0
ME;lignite_pp;2030;225.0;225.0
ME;nuclear_lte;2030;0.0;0.0
ME;nuclear_new;2030;0.0;0.0
ME;ocgt;2030;;0.0
ME;oil_pp;2030;0.0;0.0
ME;other_res;2030;0.0;0.0
ME;solar_pv;2030;0.0;0.0
ME;wind_offshore;2030;0.0;0.0
ME;wind_onshore;2030;0.0;0.0
MK;ccgt;2030;699.5;699.5
MK;coal_pp;2030;0.0;0.0
MK;dsr_1;2030;0.0;0.0
MK;dsr_10;2030;0.0;0.0
MK;dsr_2;2030;0.0;0.0
MK;dsr_3;2030;0.0;0.0
MK;dsr_4;2030;0.0;0.0
MK;dsr_5;2030;0.0;0.0
MK;dsr_6;2030;0.0;0.0
MK;dsr_7;2030;0.0;0.0
MK;dsr_8;2030;0.0;0.0
MK;dsr_9;2030;0.0;0.0
MK;electrolysis_2030;2030;0.0;0.0
MK;hydro_pondage;2030;0.0;0.0
MK;hydro_pondage_h2o_inflow;2030;0.0;0.0
MK;hydro_reservoir;2030;538.6;538.6
MK;hydro_reservoir_h2o_inflow;2030;538.6;538.6
MK;hydro_river;2030;230.5;230.5
MK;lignite_pp;2030;150.0;150.0
MK;nuclear_lte;2030;0.0;0.0
MK;nuclear_new;2030;0.0;0.0
MK;ocgt;2030;;60.0
MK;oil_pp;2030;0.0;0.0
MK;other_res;2030;31.0;31.0
MK;solar_pv;2030;1000.0;1000.0
MK;wind_offshore;2030;0.0;0.0
MK;wind_onshore;2030;0.0;0.0
MT;ccgt;2030;505.2;505.2
MT;coal_pp;2030;0.0;0.0
MT;dsr_1;2030;0.0;0.0
MT;dsr_10;2030;0.0;0.0
MT;dsr_2;2030;0.0;0.0
MT;dsr_3;2030;0.0;0.0
MT;dsr_4;2030;0.0;0.0
MT;dsr_5;2030;0.0;0.0
MT;dsr_6;2030;0.0;0.0
MT;dsr_7;2030;0.0;0.0
MT;dsr_8;2030;0.0;0.0
MT;dsr_9;2030;0.0;0.0
MT;electrolysis_2030;2030;0.0;0.0
MT;hydro_pondage;2030;0.0;0.0
MT;hydro_pondage_h2o_inflow;2030;0.0;0.0
MT;hydro_reservoir;2030;0.0;0.0
MT;hydro_reservoir_h2o_inflow;2030;0.0;0.0
MT;hydro_river;2030;0.0;0.0
MT;lignite_pp;2030;0.0;0.0
MT;nuclear_lte;2030;0.0;0.0
MT;nuclear_new;2030;0.0;0.0
MT;ocgt;2030;;0.0
MT;oil_pp;2030;0.0;0.0
MT;other_res;2030;0.0;0.0
MT;solar_pv;2030;0.0;0.0
MT;wind_offshore;2030;0.0;0.0
MT;wind_onshore;2030;0.0;0.0
NL;ccgt;2030;12308.0;12308.0
NL;coal_pp;2030;2211.0;2211.0
NL;dsr_1;2030;133.5;133.5
NL;dsr_10;2030;863.4;863.4
NL;dsr_2;2030;93.5;93.5
NL;dsr_3;2030;195.8;195.8
NL;dsr_4;2030;53.4;53.4
NL;dsr_5;2030;8.9;8.9
NL;dsr_6;2030;53.4;53.4
NL;dsr_7;2030;200.3;200.3
NL;dsr_8;2030;44.5;44.5
NL;dsr_9;2030;53.4;53.4
NL;electrolysis_2030;2030;1500.0;0.0
NL;hydro_pondage;2030;0.0;0.0
NL;hydro_pondage_h2o_inflow;2030;0.0;0.0
NL;hydro_reservoir;2030;0.0;0.0
NL;hydro_reservoir_h2o_inflow;2030;0.0;0.0
NL;hydro_river;2030;37.0;37.0
NL;lignite_pp;2030;0.0;0.0
NL;nuclear_lte;2030;486.0;486.0
NL;nuclear_new;2030;0.0;0.0
NL;ocgt;2030;;3235.0
NL;oil_pp;2030;0.0;0.0
NL;other_res;2030;1297.7;1297.7
NL;solar_pv;2030;53000.0;53000.0
NL;wind_offshore;2030;12000.0;12000.0
NL;wind_onshore;2030;8000.0;8000.0
NO;ccgt;2030;0.0;0.0
NO;coal_pp;2030;0.0;0.0
NO;dsr_1;2030;5.7;5.7
NO;dsr_10;2030;0.0;0.0
NO;dsr_2;2030;792.5;792.5
NO;dsr_3;2030;794.1;794.1
NO;dsr_4;2030;183.2;183.2
NO;dsr_5;2030;5447.7;5447.7
NO;dsr_6;2030;2345.4;2345.4
NO;dsr_7;2030;0.0;0.0
NO;dsr_8;2030;0.0;0.0
NO;dsr_9;2030;0.0;0.0
NO;electrolysis_2030;2030;0.0;0.0
NO;hydro_pondage;2030;0.0;0.0
NO;hydro_pondage_h2o_inflow;2030;0.0;0.0
NO;hydro_reservoir;2030;26387.4;26387.4
NO;hydro_reservoir_h2o_inflow;2030;26387.4;26387.4
NO;hydro_river;2030;6991.5;6991.5
NO;lignite_pp;2030;0.0;0.0
NO;nuclear_lte;2030;0.0;0.0
NO;nuclear_new;2030;0.0;0.0
NO;ocgt;2030;;21.0
NO;oil_pp;2030;0.0;0.0
NO;other_res;2030;0.0;0.0
NO;solar_pv;2030;3000.0;3000.0
NO;wind_offshore;2030;0.0;0.0
NO;wind_onshore;2030;4000.0;4000.0
PL;ccgt;2030;9482.8;9482.8
PL;coal_pp;2030;14623.3;14623.3
PL;dsr_1;2030;0.0;0.0
PL;dsr_10;2030;0.0;0.0
PL;dsr_2;2030;0.0;0.0
PL;dsr_3;2030;0.0;0.0
PL;dsr_4;2030;0.0;0.0
PL;dsr_5;2030;0.0;0.0
PL;dsr_6;2030;0.0;0.0
PL;dsr_7;2030;0.0;0.0
PL;dsr_8;2030;0.0;0.0
PL;dsr_9;2030;0.0;0.0
PL;electrolysis_2030;2030;4814.0;0.0
PL;hydro_pondage;2030;0.0;0.0
PL;hydro_pondage_h2o_inflow;2030;0.0;0.0
PL;hydro_reservoir;2030;424.8;424.8
PL;hydro_reservoir_h2o_inflow;2030;424.8;424.8
PL;hydro_river;2030;523.6;523.6
PL;lignite_pp;2030;6520.0;6520.0
PL;nuclear_lte;2030;0.0;0.0
PL;nuclear_new;2030;0.0;0.0
PL;ocgt;2030;;1545.1
PL;oil_pp;2030;0.0;0.0
PL;other_res;2030;1620.1;1620.1
PL;solar_pv;2030;37000.0;37000.0
PL;wind_offshore;2030;5000.0;5000.0
PL;wind_onshore;2030;23000.0;23000.0
PT;ccgt;2030;3829.0;3829.0
PT;coal_pp;2030;0.0;0.0
PT;dsr_1;2030;0.0;0.0
PT;dsr_10;2030;0.0;0.0
PT;dsr_2;2030;0.0;0.0
PT;dsr_3;2030;0.0;0.0
PT;dsr_4;2030;0.0;0.0
PT;dsr_5;2030;0.0;0.0
PT;dsr_6;2030;0.0;0.0
PT;dsr_7;2030;0.0;0.0
PT;dsr_8;2030;0.0;0.0
PT;dsr_9;2030;0.0;0.0
PT;electrolysis_2030;2030;4412.0;0.0
PT;hydro_pondage;2030;279.8;279.8
PT;hydro_pondage_h2o_inflow;2030;279.8;279.8
PT;hydro_reservoir;2030;3135.5;3135.5
PT;hydro_reservoir_h2o_inflow;2030;3135.5;3135.5
PT;hydro_river;2030;508.3;508.3
PT;lignite_pp;2030;0.0;0.0
PT;nuclear_lte;2030;0.0;0.0
PT;nuclear_new;2030;0.0;0.0
PT;ocgt;2030;;0.0
PT;oil_pp;2030;0.0;0.0
PT;other_res;2030;1466.3;1466.3
PT;solar_pv;2030;20000.0;20000.0
PT;wind_offshore;2030;1000.0;1000.0
PT;wind_onshore;2030;9000.0;9000.0
RO;ccgt;2030;4573.0;4573.0
RO;coal_pp;2030;135.0;135.0
RO;dsr_1;2030;0.0;0.0
RO;dsr_10;2030;0.0;0.0
RO;dsr_2;2030;0.0;0.0
RO;dsr_3;2030;0.0;0.0
RO;dsr_4;2030;0.0;0.0
RO;dsr_5;2030;0.0;0.0
RO;dsr_6;2030;0.0;0.0
RO;dsr_7;2030;0.0;0.0
RO;dsr_8;2030;0.0;0.0
RO;dsr_9;2030;0.0;0.0
RO;electrolysis_2030;2030;0.0;0.0
RO;hydro_pondage;2030;389.8;389.8
RO;hydro_pondage_h2o_inflow;2030;389.8;389.8
RO;hydro_reservoir;2030;2210.7;2210.7
RO;hydro_reservoir_h2o_inflow;2030;2210.7;2210.7
RO;hydro_river;2030;3442.0;3442.0
RO;lignite_pp;2030;854.0;854.0
RO;nuclear_lte;2030;650.0;650.0
RO;nuclear_new;2030;0.0;0.0
RO;ocgt;2030;;728.3
RO;oil_pp;2030;0.0;0.0
RO;other_res;2030;150.0;150.0
RO;solar_pv;2030;12000.0;12000.0
RO;wind_offshore;2030;0.0;0.0
RO;wind_onshore;2030;7000.0;7000.0
RS;ccgt;2030;182.9;182.9
RS;coal_pp;2030;0.0;0.0
RS;dsr_1;2030;0.0;0.0
RS;dsr_10;2030;0.0;0.0
RS;dsr_2;2030;0.0;0.0
RS;dsr_3;2030;0.0;0.0
RS;dsr_4;2030;0.0;0.0
RS;dsr_5;2030;0.0;0.0
RS;dsr_6;2030;0.0;0.0
RS;dsr_7;2030;0.0;0.0
RS;dsr_8;2030;0.0;0.0
RS;dsr_9;2030;0.0;0.0
RS;electrolysis_2030;2030;0.0;0.0
RS;hydro_pondage;2030;0.0;0.0
RS;hydro_pondage_h2o_inflow;2030;0.0;0.0
RS;hydro_reservoir;2030;435.3;435.3
RS;hydro_reservoir_h2o_inflow;2030;435.3;435.3
RS;hydro_river;2030;1993.3;1993.3
RS;lignite_pp;2030;5049.7;5049.7
RS;nuclear_lte;2030;0.0;0.0
RS;nuclear_new;2030;0.0;0.0
RS;ocgt;2030;;218.0
RS;oil_pp;2030;0.0;0.0
RS;other_res;2030;30.2;30.2
RS;solar_pv;2030;4000.0;4000.0
RS;wind_offshore;2030;0.0;0.0
RS;wind_onshore;2030;6000.0;6000.0
SE;ccgt;2030;180.0;180.0
SE;coal_pp;2030;0.0;0.0
SE;dsr_1;2030;579.6;579.6
SE;dsr_10;2030;0.0;0.0
SE;dsr_2;2030;579.6;579.6
SE;dsr_3;2030;579.6;579.6
SE;dsr_4;2030;0.0;0.0
SE;dsr_5;2030;0.0;0.0
SE;dsr_6;2030;0.0;0.0
SE;dsr_7;2030;0.0;0.0
SE;dsr_8;2030;0.0;0.0
SE;dsr_9;2030;0.0;0.0
SE;electrolysis_2030;2030;8076.9;0.0
SE;hydro_pondage;2030;0.0;0.0
SE;hydro_pondage_h2o_inflow;2030;0.0;0.0
SE;hydro_reservoir;2030;15617.2;15617.2
SE;hydro_reservoir_h2o_inflow;2030;15617.2;15617.2
SE;hydro_river;2030;0.0;0.0
SE;lignite_pp;2030;0.0;0.0
SE;nuclear_lte;2030;6981.0;6981.0
SE;nuclear_new;2030;0.0;0.0
SE;ocgt;2030;;54.0
SE;oil_pp;2030;0.0;0.0
SE;other_res;2030;4137.5;4137.5
SE;solar_pv;2030;5000.0;5000.0
SE;wind_offshore;2030;0.0;0.0
SE;wind_onshore;2030;18000.0;18000.0
SI;ccgt;2030;151.0;151.0
SI;coal_pp;2030;84.0;84.0
SI;dsr_1;2030;30.0;30.0
SI;dsr_10;2030;0.0;0.0
SI;dsr_2;2030;0.0;0.0
SI;dsr_3;2030;0.0;0.0
SI;dsr_4;2030;0.0;0.0
SI;dsr_5;2030;0.0;0.0
SI;dsr_6;2030;0.0;0.0
SI;dsr_7;2030;0.0;0.0
SI;dsr_8;2030;0.0;0.0
SI;dsr_9;2030;0.0;0.0
SI;electrolysis_2030;2030;100.0;0.0
SI;hydro_pondage;2030;1007.3;1007.3
SI;hydro_pondage_h2o_inflow;2030;1007.3;1007.3
SI;hydro_reservoir;2030;21.4;21.4
SI;hydro_reservoir_h2o_inflow;2030;21.4;21.4
SI;hydro_river;2030;136.7;136.7
SI;lignite_pp;2030;539.0;539.0
SI;nuclear_lte;2030;700.0;700.0
SI;nuclear_new;2030;0.0;0.0
SI;ocgt;2030;;548.5
SI;oil_pp;2030;0.0;0.0
SI;other_res;2030;95.0;95.0
SI;solar_pv;2030;2000.0;2000.0
SI;wind_offshore;2030;0.0;0.0
SI;wind_onshore;2030;0.0;0.0
SK;ccgt;2030;757.7;757.7
SK;coal_pp;2030;290.5;290.5
SK;dsr_1;2030;0.0;0.0
SK;dsr_10;2030;0.0;0.0
SK;dsr_2;2030;0.0;0.0
SK;dsr_3;2030;0.0;0.0
SK;dsr_4;2030;0.0;0.0
SK;dsr_5;2030;0.0;0.0
SK;dsr_6;2030;0.0;0.0
SK;dsr_7;2030;0.0;0.0
SK;dsr_8;2030;0.0;0.0
SK;dsr_9;2030;0.0;0.0
SK;electrolysis_2030;2030;262.0;0.0
SK;hydro_pondage;2030;202.9;202.9
SK;hydro_pondage_h2o_inflow;2030;202.9;202.9
SK;hydro_reservoir;2030;21.3;21.3
SK;hydro_reservoir_h2o_inflow;2030;21.3;21.3
SK;hydro_river;2030;1423.3;1423.3
SK;lignite_pp;2030;84.9;84.9
SK;nuclear_lte;2030;2814.6;2814.6
SK;nuclear_new;2030;0.0;0.0
SK;ocgt;2030;;79.8
SK;oil_pp;2030;133.3;133.3
SK;other_res;2030;289.3;289.3
SK;solar_pv;2030;1000.0;1000.0
SK;wind_offshore;2030;0.0;0.0
SK;wind_onshore;2030;0.0;0.0
TR;ccgt;2030;22989.5;22989.5
TR;coal_pp;2030;8006.7;8006.7
TR;dsr_1;2030;0.0;0.0
TR;dsr_10;2030;0.0;0.0
TR;dsr_2;2030;0.0;0.0
TR;dsr_3;2030;0.0;0.0
TR;dsr_4;2030;0.0;0.0
TR;dsr_5;2030;0.0;0.0
TR;dsr_6;2030;0.0;0.0
TR;dsr_7;2030;0.0;0.0
TR;dsr_8;2030;0.0;0.0
TR;dsr_9;2030;0.0;0.0
TR;electrolysis_2030;2030;0.0;0.0
TR;hydro_pondage;2030;0.0;0.0
TR;hydro_pondage_h2o_inflow;2030;0.0;0.0
TR;hydro_reservoir;2030;24347.0;24347.0
TR;hydro_reservoir_h2o_inflow;2030;24347.0;24347.0
TR;hydro_river;2030;19464.3;19464.3
TR;lignite_pp;2030;10851.9;10851.9
TR;nuclear_lte;2030;4456.0;4456.0
TR;nuclear_new;2030;0.0;0.0
TR;ocgt;2030;;243.8
TR;oil_pp;2030;2316.7;2316.7
TR;other_res;2030;0.0;0.0
TR;solar_pv;2030;59000.0;59000.0
TR;wind_offshore;2030;0.0;0.0
TR;wind_onshore;2030;17000.0;17000.0
UA;ccgt;2030;0.0;0.0
UA;coal_pp;2030;826.7;826.7
UA;dsr_1;2030;0.0;0.0
UA;dsr_10;2030;0.0;0.0
UA;dsr_2;2030;0.0;0.0
UA;dsr_3;2030;0.0;0.0
UA;dsr_4;2030;0.0;0.0
UA;dsr_5;2030;0.0;0.0
UA;dsr_6;2030;0.0;0.0
UA;dsr_7;2030;0.0;0.0
UA;dsr_8;2030;0.0;0.0
UA;dsr_9;2030;0.0;0.0
UA;electrolysis_2030;2030;0.0;0.0
UA;hydro_pondage;2030;0.0;0.0
UA;hydro_pondage_h2o_inflow;2030;0.0;0.0
UA;hydro_reservoir;2030;3205.8;3205.8
UA;hydro_reservoir_h2o_inflow;2030;3205.8;3205.8
UA;hydro_river;2030;195.0;195.0
UA;lignite_pp;2030;0.0;0.0
UA;nuclear_lte;2030;8845.6;8845.6
UA;nuclear_new;2030;0.0;0.0
UA;ocgt;2030;;8207.1
UA;oil_pp;2030;0.0;0.0
UA;other_res;2030;650.0;650.0
UA;solar_pv;2030;12000.0;12000.0
UA;wind_offshore;2030;0.0;0.0
UA;wind_onshore;2030;5000.0;5000.0
UK;ccgt;2030;34245.9;34245.9
UK;coal_pp;2030;0.0;0.0
UK;dsr_1;2030;8051.2;8051.2
UK;dsr_10;2030;0.0;0.0
UK;dsr_2;2030;60.0;60.0
UK;dsr_3;2030;0.0;0.0
UK;dsr_4;2030;0.0;0.0
UK;dsr_5;2030;0.0;0.0
UK;dsr_6;2030;0.0;0.0
UK;dsr_7;2030;0.0;0.0
UK;dsr_8;2030;0.0;0.0
UK;dsr_9;2030;0.0;0.0
UK;electrolysis_2030;2030;0.0;0.0
UK;hydro_pondage;2030;0.0;0.0
UK;hydro_pondage_h2o_inflow;2030;0.0;0.0
UK;hydro_reservoir;2030;0.0;0.0
UK;hydro_reservoir_h2o_inflow;2030;0.0;0.0
UK;hydro_river;2030;1951.2;1951.2
UK;lignite_pp;2030;0.0;0.0
UK;nuclear_lte;2030;2900.0;2900.0
UK;nuclear_new;2030;0.0;0.0
UK;ocgt;2030;;13380.1
UK;oil_pp;2030;306.2;306.2
UK;other_res;2030;8064.8;8064.8
UK;solar_pv;2030;33000.0;33000.0
UK;wind_offshore;2030;46000.0;46000.0
UK;wind_onshore;2030;27000.0;27000.0
CH;ccgt;2035;2100.0;
FI;ccgt;2035;0.0;
FR;ccgt;2035;0.0;
GR;ccgt;2035;2652.0;
IT;ccgt;2035;7200.0;
PL;ccgt;2035;3687.0;
SI;ccgt;2035;120.0;
FI;ocgt;2035;10000.0;
FR;ocgt;2035;0.0;
GR;ocgt;2035;0.0;
IT;ocgt;2035;7200.0;
SI;ocgt;2035;56.0;
FR;ccht;2035;800.0;
FR;ocht;2035;2500.0;
AL;nuclear_lte;2035;0.0;
AT;nuclear_lte;2035;0.0;
BA;nuclear_lte;2035;0.0;
BE;nuclear_lte;2035;0.0;
BG;nuclear_lte;2035;0.0;
CH;nuclear_lte;2035;0.0;
CY;nuclear_lte;2035;0.0;
CZ;nuclear_lte;2035;0.0;
DE;nuclear_lte;2035;0.0;
DK;nuclear_lte;2035;0.0;
EE;nuclear_lte;2035;0.0;
ES;nuclear_lte;2035;0.0;
FI;nuclear_lte;2035;0.0;
FR;nuclear_lte;2035;0.0;
GR;nuclear_lte;2035;0.0;
HR;nuclear_lte;2035;0.0;
HU;nuclear_lte;2035;0.0;
IE;nuclear_lte;2035;0.0;
IT;nuclear_lte;2035;0.0;
LT;nuclear_lte;2035;0.0;
LU;nuclear_lte;2035;0.0;
LV;nuclear_lte;2035;0.0;
MD;nuclear_lte;2035;0.0;
ME;nuclear_lte;2035;0.0;
MK;nuclear_lte;2035;0.0;
MT;nuclear_lte;2035;0.0;
NL;nuclear_lte;2035;0.0;
NO;nuclear_lte;2035;0.0;
PL;nuclear_lte;2035;0.0;
PT;nuclear_lte;2035;0.0;
RO;nuclear_lte;2035;0.0;
RS;nuclear_lte;2035;0.0;
SE;nuclear_lte;2035;0.0;
SI;nuclear_lte;2035;0.0;
SK;nuclear_lte;2035;0.0;
TR;nuclear_lte;2035;0.0;
UA;nuclear_lte;2035;0.0;
UK;nuclear_lte;2035;0.0;
AL;nuclear_lte;2040;0.0;
AT;nuclear_lte;2040;0.0;
BA;nuclear_lte;2040;0.0;
BE;nuclear_lte;2040;0.0;
BG;nuclear_lte;2040;0.0;
CH;nuclear_lte;2040;0.0;
CY;nuclear_lte;2040;0.0;
CZ;nuclear_lte;2040;0.0;
DE;nuclear_lte;2040;0.0;
DK;nuclear_lte;2040;0.0;
EE;nuclear_lte;2040;0.0;
ES;nuclear_lte;2040;0.0;
FI;nuclear_lte;2040;0.0;
FR;nuclear_lte;2040;0.0;
GR;nuclear_lte;2040;0.0;
HR;nuclear_lte;2040;0.0;
HU;nuclear_lte;2040;0.0;
IE;nuclear_lte;2040;0.0;
IT;nuclear_lte;2040;0.0;
LT;nuclear_lte;2040;0.0;
LU;nuclear_lte;2040;0.0;
LV;nuclear_lte;2040;0.0;
MD;nuclear_lte;2040;0.0;
ME;nuclear_lte;2040;0.0;
MK;nuclear_lte;2040;0.0;
MT;nuclear_lte;2040;0.0;
NL;nuclear_lte;2040;0.0;
NO;nuclear_lte;2040;0.0;
PL;nuclear_lte;2040;0.0;
PT;nuclear_lte;2040;0.0;
RO;nuclear_lte;2040;0.0;
RS;nuclear_lte;2040;0.0;
SE;nuclear_lte;2040;0.0;
SI;nuclear_lte;2040;0.0;
SK;nuclear_lte;2040;0.0;
TR;nuclear_lte;2040;0.0;
UA;nuclear_lte;2040;0.0;
UK;nuclear_lte;2040;0.0;
AL;nuclear_lte;2050;0.0;
AT;nuclear_lte;2050;0.0;
BA;nuclear_lte;2050;0.0;
BE;nuclear_lte;2050;0.0;
BG;nuclear_lte;2050;0.0;
CH;nuclear_lte;2050;0.0;
CY;nuclear_lte;2050;0.0;
CZ;nuclear_lte;2050;0.0;
DE;nuclear_lte;2050;0.0;
DK;nuclear_lte;2050;0.0;
EE;nuclear_lte;2050;0.0;
ES;nuclear_lte;2050;0.0;
FI;nuclear_lte;2050;0.0;
FR;nuclear_lte;2050;0.0;
GR;nuclear_lte;2050;0.0;
HR;nuclear_lte;2050;0.0;
HU;nuclear_lte;2050;0.0;
IE;nuclear_lte;2050;0.0;
IT;nuclear_lte;2050;0.0;
LT;nuclear_lte;2050;0.0;
LU;nuclear_lte;2050;0.0;
LV;nuclear_lte;2050;0.0;
MD;nuclear_lte;2050;0.0;
ME;nuclear_lte;2050;0.0;
MK;nuclear_lte;2050;0.0;
MT;nuclear_lte;2050;0.0;
NL;nuclear_lte;2050;0.0;
NO;nuclear_lte;2050;0.0;
PL;nuclear_lte;2050;0.0;
PT;nuclear_lte;2050;0.0;
RO;nuclear_lte;2050;0.0;
RS;nuclear_lte;2050;0.0;
SE;nuclear_lte;2050;0.0;
SI;nuclear_lte;2050;0.0;
SK;nuclear_lte;2050;0.0;
TR;nuclear_lte;2050;0.0;
UA;nuclear_lte;2050;0.0;
UK;nuclear_lte;2050;0.0;
